productName;description;brand;sellingPrice;listPrice;caracteristicas;contenidoNeto;tipodeProducto;undporPaquete;seller;imagen
Jabón de Tocador NEKO Antibacterial Extra Suave Barra 75g;El autocuidado es cualquier acción reguladora del ser humano que permite mantenernos limpios. Por ello como seres humanos debemos convertir en un buen habito el cuidado personal. Gracias a ello podemos mejorar nuestra salud, aumentar los pensamientos positivos y hacernos menos propenso al estrés y otros problemas de salud. Nuestra tienda virtual vega.pe te ofrece variedad de productos para el cuidado del cuerpo como desodorantes en spray y roll on, Jabones de tocador para mantener hidratado y desinfectados nuestras manos. Contamos con marcas especialistas en el cuidado personal como: Dove, Lady Stick, Rendipel, Rexona, Camay, Heno de Prabia, Johnson & Johnson, Monclear, Aval, Elite, Ballerina, Protex. Etc.;Neko;3.3;3.3;Diseñado por expertos para no dañar tU piel, Jabón Antibacterial, Ideal para el cUidado e Higiene personal;75g;Caja;Jabón de Tocador;CORPORACIÓN VEGA;https://vegaperu.vtexassets.com/arquivos/ids/158467/7750021004220.jpg?v=1775526815
Pasta Dental COLGATE Herbal Tubo 90gr;La higiene bucodental es el cuidado de los dientes, las encías, la lengua y toda la cavidad bucal en general.   En los dientes y lengua existen bacterias microscópicas capaces de propagarse y causar enfermedades como caries y gingivitis, Por ello existen maneras de mantener limpios y sanos nuestros dientes y lengua, pero ¿Cómo mantener una buena salud bucal?  1. Cepilla tus dientes todos los días.  2. Cambia tu cepillo de dientes regularmente.  3. Realiza un cepillado consiente.  4. Usa hilo dental al menos una vez al día.  5. Utiliza un enjuague bucal para proteger tu boca.  Por ello Vega.pe te ofrecemos una variedad de cremas dentales, cepillos de dientes en marcas reconocidas como: Colgate, Orabel B, Kolynos y Dento. Y para complementar tu cuidado te ofrecemos Los hilos dentales y enjuague bucales como: Oral B y Listerine.;Colgate;3.3;3.3;Pasta dental con combinación de sales minerales con una exclusiva mezcla de las más finas hierbas naturales;90 GR;Crema dental;Pasta Dental;CORPORACIÓN VEGA;https://vegaperu.vtexassets.com/arquivos/ids/157021/7891024145081.jpg?v=1775612015
Toalla Higiénica NOSOTRAS Invisible Rapigel Pack 40un;Ahora podrás comprar desde donde estés en Vega.pe, las 24 horas del día.;Nosotras;21.3;21.3;Unidad;None;None;None;CORPORACIÓN VEGA;https://vegaperu.vtexassets.com/arquivos/ids/160172/7702027414763.jpg?v=1775583198
Jabón Antibacterial DOVE Cuida & Protege Barra 90g PACK 3un;El autocuidado es cualquier acción reguladora del ser humano que permite mantenernos limpios. Por ello como seres humanos debemos convertir en un buen habito el cuidado personal. Gracias a ello podemos mejorar nuestra salud, aumentar los pensamientos positivos y hacernos menos propenso al estrés y otros problemas de salud. Nuestra tienda virtual vega.pe te ofrece variedad de productos para el cuidado del cuerpo como desodorantes en spray y roll on, Jabones de tocador para mantener hidratado y desinfectados nuestras manos. Contamos con marcas especialistas en el cuidado personal como: Dove, Lady Stick, Rendipel, Rexona, Camay, Heno de Prabia, Johnson & Johnson, Monclear, Aval, Elite, Ballerina, Protex. Etc.;Dove;12.5;12.5;Con ¼ de crema humectante y una rica mezcla de limpiadores suaves, La hidratación es el secreto de una piel bella, Ningún otro jabón en barra tiene tantos hidratantes naturales como Dove;270 gr;Antibacterial;Jabón de Barra;CORPORACIÓN VEGA;https://vegaperu.vtexassets.com/arquivos/ids/157125/7891150076068.jpg?v=1775438026
Shampoo AMARAS Control Frizz Frasco 400ml;Ahora podrás comprar desde donde estés en Vega.pe, las 24 horas del día.;AMARAS;14.9;14.9;Unidad;None;None;None;CORPORACIÓN VEGA;https://vegaperu.vtexassets.com/arquivos/ids/164763/709039.jpg?v=1775594014
Toalla Higiénica LADYSOFT Normal Pack 42un;Ahora podrás comprar desde donde estés en Vega.pe, las 24 horas del día.;Ladysoft;13.5;13.5;Display;None;None;None;CORPORACIÓN VEGA;https://vegaperu.vtexassets.com/arquivos/ids/160171/7759185002448.jpg?v=1775607790
Pasta Dental COLGATE Triple Acciòn Tubo 100ml Paquete 2 un;La higiene bucodental es el cuidado de los dientes, las encías, la lengua y toda la cavidad bucal en general.  En los dientes y lengua existen bacterias microscópicas capaces de propagarse y causar enfermedades como caries y gingivitis, Por ello existen maneras de mantener limpios y sanos nuestros dientes y lengua, pero ¿Cómo mantener una buena salud bucal? 1. Cepilla tus dientes todos los días. 2. Cambia tu cepillo de dientes regularmente. 3. Realiza un cepillado consiente. 4. Usa hilo dental al menos una vez al día. 5. Utiliza un enjuague bucal para proteger tu boca. Por ello Vega.pe te ofrecemos una variedad de cremas dentales, cepillos de dientes en marcas reconocidas como: Colgate, Orabel B, Kolynos y Dento. Y para complementar tu cuidado te ofrecemos Los hilos dentales y enjuague bucales como: Oral B y Listerine.;Colgate;14;14;Con la pasta dental Colgate Triple Acción protege tu salud bucal y la de toda tu familia;200 ml;Crema dental;Pasta Dental;CORPORACIÓN VEGA;https://vegaperu.vtexassets.com/arquivos/ids/162582/4.jpg?v=1775612617
Pañal PLENITUD Classic Verde Talla M Paquete 20un;Cuando se llega a cierta edad, la incontinencia es uno de los problemas más comunes con la que los adultos tienen que lidiar. Es por ello que vega.pe te ofrece pañales para adultos con diseños muy discretos y de las mejores marcas del mercado como lo son Comodity, Cotidian, Plenitud, Practipañal y Tena. Vive tú día a día sin preocupaciones con nuestros pañales súper absorbentes y hechos de materiales resistentes a los movimientos cotidianos.;Plenitud;51.9;51.9;AyUda a mantener la piel seca, cUbierta respirable;Classic verde;Paquete;Pañales;CORPORACIÓN VEGA;https://vegaperu.vtexassets.com/arquivos/ids/158747/7751493003957.jpg?v=1775592197
Jabón de Tocador CAMAY Clásico con Glicerina Barra 125gr Paquete 3u;El autocuidado es cualquier acción reguladora del ser humano que permite mantenernos limpios. Por ello como seres humanos debemos convertir en un buen habito el cuidado personal. Gracias a ello podemos mejorar nuestra salud, aumentar los pensamientos positivos y hacernos menos propenso al estrés y otros problemas de salud.  Nuestra tienda virtual vega.pe te ofrece variedad de productos para el cuidado del cuerpo como desodorantes en spray y roll on, Jabones de tocador para mantener hidratado y desinfectados nuestras manos.  Contamos con marcas especialistas en el cuidado personal como: Dove, Lady Stick, Rendipel, Rexona, Camay, Heno de Prabia, Johnson & Johnson, Monclear, Aval, Elite, Ballerina, Protex. Etc.;Camay;8.9;8.9;Diseñado para no dañar tu piel, Mantiene tu piel suave, Producto de calidad;375gr;Jabón con Glicerina;Jabón de Tocador;CORPORACIÓN VEGA;https://vegaperu.vtexassets.com/arquivos/ids/157200/7752285037600.jpg?v=1775606643
Jabón de Tocador DOVE Surtido Barra 90g Pack 3un;El autocuidado es cualquier acción reguladora del ser humano que permite mantenernos limpios. Por ello como seres humanos debemos convertir en un buen habito el cuidado personal. Gracias a ello podemos mejorar nuestra salud, aumentar los pensamientos positivos y hacernos menos propenso al estrés y otros problemas de salud. Nuestra tienda virtual vega.pe te ofrece variedad de productos para el cuidado del cuerpo como desodorantes en spray y roll on, Jabones de tocador para mantener hidratado y desinfectados nuestras manos. Contamos con marcas especialistas en el cuidado personal como: Dove, Lady Stick, Rendipel, Rexona, Camay, Heno de Prabia, Johnson & Johnson, Monclear, Aval, Elite, Ballerina, Protex. Etc.;Dove;12.5;12.5;Con ¼ de crema humectante y una rica mezcla de limpiadores suaves, La hidratación es el secreto de una piel bella, Ningún otro jabón en barra tiene tantos hidratantes naturales como Dove;270 gr;Surtido;Jabón de Barra;CORPORACIÓN VEGA;https://vegaperu.vtexassets.com/arquivos/ids/157132/7752285011778.jpg?v=1775585008
Jabón de Tocador NEKO Antibacterial Extra Suave Barra 75g;El autocuidado es cualquier acción reguladora del ser humano que permite mantenernos limpios. Por ello como seres humanos debemos convertir en un buen habito el cuidado personal. Gracias a ello podemos mejorar nuestra salud, aumentar los pensamientos positivos y hacernos menos propenso al estrés y otros problemas de salud. Nuestra tienda virtual vega.pe te ofrece variedad de productos para el cuidado del cuerpo como desodorantes en spray y roll on, Jabones de tocador para mantener hidratado y desinfectados nuestras manos. Contamos con marcas especialistas en el cuidado personal como: Dove, Lady Stick, Rendipel, Rexona, Camay, Heno de Prabia, Johnson & Johnson, Monclear, Aval, Elite, Ballerina, Protex. Etc.;Neko;3.3;3.3;Diseñado por expertos para no dañar tU piel, Jabón Antibacterial, Ideal para el cUidado e Higiene personal;75g;Caja;Jabón de Tocador;CORPORACIÓN VEGA;https://vegaperu.vtexassets.com/arquivos/ids/158467/7750021004220.jpg?v=1775526815
Pasta Dental COLGATE Herbal Tubo 90gr;La higiene bucodental es el cuidado de los dientes, las encías, la lengua y toda la cavidad bucal en general.   En los dientes y lengua existen bacterias microscópicas capaces de propagarse y causar enfermedades como caries y gingivitis, Por ello existen maneras de mantener limpios y sanos nuestros dientes y lengua, pero ¿Cómo mantener una buena salud bucal?  1. Cepilla tus dientes todos los días.  2. Cambia tu cepillo de dientes regularmente.  3. Realiza un cepillado consiente.  4. Usa hilo dental al menos una vez al día.  5. Utiliza un enjuague bucal para proteger tu boca.  Por ello Vega.pe te ofrecemos una variedad de cremas dentales, cepillos de dientes en marcas reconocidas como: Colgate, Orabel B, Kolynos y Dento. Y para complementar tu cuidado te ofrecemos Los hilos dentales y enjuague bucales como: Oral B y Listerine.;Colgate;3.3;3.3;Pasta dental con combinación de sales minerales con una exclusiva mezcla de las más finas hierbas naturales;90 GR;Crema dental;Pasta Dental;CORPORACIÓN VEGA;https://vegaperu.vtexassets.com/arquivos/ids/157021/7891024145081.jpg?v=1775612015
Toalla Higiénica NOSOTRAS Invisible Rapigel Pack 40un;Ahora podrás comprar desde donde estés en Vega.pe, las 24 horas del día.;Nosotras;21.3;21.3;Unidad;None;None;None;CORPORACIÓN VEGA;https://vegaperu.vtexassets.com/arquivos/ids/160172/7702027414763.jpg?v=1775583198
Jabón Antibacterial DOVE Cuida & Protege Barra 90g PACK 3un;El autocuidado es cualquier acción reguladora del ser humano que permite mantenernos limpios. Por ello como seres humanos debemos convertir en un buen habito el cuidado personal. Gracias a ello podemos mejorar nuestra salud, aumentar los pensamientos positivos y hacernos menos propenso al estrés y otros problemas de salud. Nuestra tienda virtual vega.pe te ofrece variedad de productos para el cuidado del cuerpo como desodorantes en spray y roll on, Jabones de tocador para mantener hidratado y desinfectados nuestras manos. Contamos con marcas especialistas en el cuidado personal como: Dove, Lady Stick, Rendipel, Rexona, Camay, Heno de Prabia, Johnson & Johnson, Monclear, Aval, Elite, Ballerina, Protex. Etc.;Dove;12.5;12.5;Con ¼ de crema humectante y una rica mezcla de limpiadores suaves, La hidratación es el secreto de una piel bella, Ningún otro jabón en barra tiene tantos hidratantes naturales como Dove;270 gr;Antibacterial;Jabón de Barra;CORPORACIÓN VEGA;https://vegaperu.vtexassets.com/arquivos/ids/157125/7891150076068.jpg?v=1775438026
Shampoo AMARAS Control Frizz Frasco 400ml;Ahora podrás comprar desde donde estés en Vega.pe, las 24 horas del día.;AMARAS;14.9;14.9;Unidad;None;None;None;CORPORACIÓN VEGA;https://vegaperu.vtexassets.com/arquivos/ids/164763/709039.jpg?v=1775594014
Toalla Higiénica LADYSOFT Normal Pack 42un;Ahora podrás comprar desde donde estés en Vega.pe, las 24 horas del día.;Ladysoft;13.5;13.5;Display;None;None;None;CORPORACIÓN VEGA;https://vegaperu.vtexassets.com/arquivos/ids/160171/7759185002448.jpg?v=1775607790
Pasta Dental COLGATE Triple Acciòn Tubo 100ml Paquete 2 un;La higiene bucodental es el cuidado de los dientes, las encías, la lengua y toda la cavidad bucal en general.  En los dientes y lengua existen bacterias microscópicas capaces de propagarse y causar enfermedades como caries y gingivitis, Por ello existen maneras de mantener limpios y sanos nuestros dientes y lengua, pero ¿Cómo mantener una buena salud bucal? 1. Cepilla tus dientes todos los días. 2. Cambia tu cepillo de dientes regularmente. 3. Realiza un cepillado consiente. 4. Usa hilo dental al menos una vez al día. 5. Utiliza un enjuague bucal para proteger tu boca. Por ello Vega.pe te ofrecemos una variedad de cremas dentales, cepillos de dientes en marcas reconocidas como: Colgate, Orabel B, Kolynos y Dento. Y para complementar tu cuidado te ofrecemos Los hilos dentales y enjuague bucales como: Oral B y Listerine.;Colgate;14;14;Con la pasta dental Colgate Triple Acción protege tu salud bucal y la de toda tu familia;200 ml;Crema dental;Pasta Dental;CORPORACIÓN VEGA;https://vegaperu.vtexassets.com/arquivos/ids/162582/4.jpg?v=1775612617
Pañal PLENITUD Classic Verde Talla M Paquete 20un;Cuando se llega a cierta edad, la incontinencia es uno de los problemas más comunes con la que los adultos tienen que lidiar. Es por ello que vega.pe te ofrece pañales para adultos con diseños muy discretos y de las mejores marcas del mercado como lo son Comodity, Cotidian, Plenitud, Practipañal y Tena. Vive tú día a día sin preocupaciones con nuestros pañales súper absorbentes y hechos de materiales resistentes a los movimientos cotidianos.;Plenitud;51.9;51.9;AyUda a mantener la piel seca, cUbierta respirable;Classic verde;Paquete;Pañales;CORPORACIÓN VEGA;https://vegaperu.vtexassets.com/arquivos/ids/158747/7751493003957.jpg?v=1775592197
Jabón de Tocador CAMAY Clásico con Glicerina Barra 125gr Paquete 3u;El autocuidado es cualquier acción reguladora del ser humano que permite mantenernos limpios. Por ello como seres humanos debemos convertir en un buen habito el cuidado personal. Gracias a ello podemos mejorar nuestra salud, aumentar los pensamientos positivos y hacernos menos propenso al estrés y otros problemas de salud.  Nuestra tienda virtual vega.pe te ofrece variedad de productos para el cuidado del cuerpo como desodorantes en spray y roll on, Jabones de tocador para mantener hidratado y desinfectados nuestras manos.  Contamos con marcas especialistas en el cuidado personal como: Dove, Lady Stick, Rendipel, Rexona, Camay, Heno de Prabia, Johnson & Johnson, Monclear, Aval, Elite, Ballerina, Protex. Etc.;Camay;8.9;8.9;Diseñado para no dañar tu piel, Mantiene tu piel suave, Producto de calidad;375gr;Jabón con Glicerina;Jabón de Tocador;CORPORACIÓN VEGA;https://vegaperu.vtexassets.com/arquivos/ids/157200/7752285037600.jpg?v=1775606643
Jabón de Tocador DOVE Surtido Barra 90g Pack 3un;El autocuidado es cualquier acción reguladora del ser humano que permite mantenernos limpios. Por ello como seres humanos debemos convertir en un buen habito el cuidado personal. Gracias a ello podemos mejorar nuestra salud, aumentar los pensamientos positivos y hacernos menos propenso al estrés y otros problemas de salud. Nuestra tienda virtual vega.pe te ofrece variedad de productos para el cuidado del cuerpo como desodorantes en spray y roll on, Jabones de tocador para mantener hidratado y desinfectados nuestras manos. Contamos con marcas especialistas en el cuidado personal como: Dove, Lady Stick, Rendipel, Rexona, Camay, Heno de Prabia, Johnson & Johnson, Monclear, Aval, Elite, Ballerina, Protex. Etc.;Dove;12.5;12.5;Con ¼ de crema humectante y una rica mezcla de limpiadores suaves, La hidratación es el secreto de una piel bella, Ningún otro jabón en barra tiene tantos hidratantes naturales como Dove;270 gr;Surtido;Jabón de Barra;CORPORACIÓN VEGA;https://vegaperu.vtexassets.com/arquivos/ids/157132/7752285011778.jpg?v=1775585008
